{
  "sucesso": true,
  "codigo": "200",
  "alunos": [
    {
      "nome": "Maria",
      "idade": 22,
      "email": "maria@gmail.com"
    },
    {
      "nome": "Joao",
      "idade": 21,
      "email": "joao@gmail.com"
    },
    {
      "nome": "Ana",
      "idade": 18,
      "email": "ana@gmail.com"
    },
    {
      "nome": "Marcos",
      "idade": 19,
      "email": "marcos@gmail.com"
    },
    {
      "nome": "Vanessa",
      "idade": 19,
      "email": "vanessa@gmail.com"
    },
    {
      "nome": "Tiago",
      "idade": 23,
      "email": "tiago@gmail.com"
    },
    {
      "nome": "Julia",
      "idade": 21,
      "email": "julia@gmail.com"
    },
    {
      "nome": "Eduardo",
      "idade": 20,
      "email": "eduardo@gmail.com"
    }
  ]
}